{"summaryFilePage":"ProjSummary","detailFilePage":"ProjPlan","summaryShKeyColSeqNum":-1,"combinedFileName":"","screenAddlFieldPattern":{"attachment":{"screenFieldName":"Attachment","interactionType":"filelinkbutton"},"priority":{"screenFieldName":"Priority","interactionType":"dropdown","validValues":["High","Medium","Low"]},"satisfaction":{"screenFieldName":"Satisfaction","interactionType":"dropdown","validValues":["Good","Average","Bad"]}},"screenFieldDefaults":{"attachment":"","priority":"Medium","satisfaction":"Average"},"authorColHdrName":"OwnerName","keyColHdrName":"TaskID","deckerLiteItemPojoList":[{"addlFieldValues":{"attachment":"","priority":"Medium","satisfaction":"Average"},"numberOfRecsCombined":0,"itemNumber":0,"itemID":"","artifactName":"smplTrkr1","title":"","relevance":"MyOrg\\Divisions\\Manufacturing","contentType":"SimpleTracker","author":"kvasavaiah","status":""},{"addlFieldValues":{"attachment":"","priority":"Medium","satisfaction":"Average"},"numberOfRecsCombined":0,"itemNumber":1,"itemID":"","artifactName":"smpltrkr2","title":"","relevance":"MyOrg\\Divisions\\Sales","contentType":"SimpleTracker","author":"kvasavaiah","status":""}],"noCombining":false,"considerOnlyFromAuthor":true,"keyBasedCombining":true,"maxItemNumber":1}