{"overallSummaryFileName":"ProjDecker_overallSummary.xlsx","screenAddlFieldPattern":{"attachment":{"screenFieldName":"Attachment","interactionType":"filelinkbutton"},"priority":{"screenFieldName":"Priority","interactionType":"dropdown","validValues":["High","Medium","Low"]},"satisfaction":{"screenFieldName":"Satisfaction","interactionType":"dropdown","validValues":["Good","Average","Bad"]}},"screenFieldDefaults":{"attachment":"","priority":"Medium","satisfaction":"Average"},"summaryFilePage":"ProjSummary","detailFilePage":"ProjPlan","summaryShKeyColSeqNum":0,"deckerGrouperItemPojoList":[{"deckingStatus":"","itemSummaryFile":"ItemDetl0_ProjA.xlsx","summaryShKeyColVal":"ProjA","addlFieldValues":{"attachment":"","priority":"Medium","satisfaction":"Average"},"itemNumber":0,"itemID":"","artifactName":"ProjA","title":"","relevance":"MyOrg\\Divisions\\CustomerCare","contentType":"ProjTracker","author":"kvasavaiah","status":""},{"deckingStatus":"","itemSummaryFile":"ItemDetl1_ProjB.xlsx","summaryShKeyColVal":"ProjB","addlFieldValues":{"attachment":"","priority":"Medium","satisfaction":"Average"},"itemNumber":1,"itemID":"","artifactName":"ProjB","title":"","relevance":"MyOrg\\Divisions\\Manufacturing","contentType":"ProjTracker","author":"kvasavaiah","status":""},{"deckingStatus":"","itemSummaryFile":"ItemDetl2_ProjC.xlsx","summaryShKeyColVal":"ProjC","addlFieldValues":{"attachment":"","priority":"Medium","satisfaction":"Average"},"itemNumber":2,"itemID":"","artifactName":"ProjC","title":"","relevance":"MyOrg\\Divisions\\HR","contentType":"ProjTracker","author":"kvasavaiah","status":""}],"maxItemNumber":2}