{"combinedFileName":"DeckerLite1_allCombined.xlsx","screenAddlFieldPattern":{"attachment":{"screenFieldName":"Attachment","interactionType":"filelinkbutton"},"priority":{"screenFieldName":"Priority","interactionType":"dropdown","validValues":["High","Medium","Low"]},"satisfaction":{"screenFieldName":"Satisfaction","interactionType":"dropdown","validValues":["Good","Average","Bad"]}},"screenFieldDefaults":{"attachment":"","priority":"Medium","satisfaction":"Average"},"authorColHdrName":"OwnerID","keyColHdrName":"TaskID","deckerLiteItemPojoList":[{"deckingCompletedAt":"Dec 28, 2019 3:58:43 PM","addlFieldValues":{"attachment":"","priority":"Medium","satisfaction":"Average"},"numberOfRecsCombined":1,"itemNumber":0,"itemID":"","artifactName":"trk2","title":"","relevance":"MyOrg\\Divisions\\Sales","contentType":"SimpleTracker","author":"DEMOUSER","status":""},{"deckingCompletedAt":"Dec 28, 2019 3:58:44 PM","addlFieldValues":{"attachment":"","priority":"Medium","satisfaction":"Average"},"numberOfRecsCombined":1,"itemNumber":1,"itemID":"","artifactName":"trkr1","title":"","relevance":"MyOrg\\Divisions\\Sales","contentType":"SimpleTracker","author":"DEMOUSER","status":""}],"noCombining":false,"considerOnlyFromAuthor":true,"keyBasedCombining":true,"deckerEdited":false,"maxItemNumber":1}