{"combinedFileName":"dkrLite_allCombined.xlsx","screenAddlFieldPattern":{"attachment":{"screenFieldName":"Attachment","interactionType":"filelinkbutton"},"priority":{"screenFieldName":"Priority","interactionType":"dropdown","validValues":["High","Medium","Low"]},"satisfaction":{"screenFieldName":"Satisfaction","interactionType":"dropdown","validValues":["Good","Average","Bad"]}},"screenFieldDefaults":{"attachment":"","priority":"Medium","satisfaction":"Average"},"authorColHdrName":"OwnerName","keyColHdrName":"TaskID","deckerLiteItemPojoList":[{"deckingCompletedAt":"Nov 17, 2019 11:27:08 PM","addlFieldValues":{"attachment":"","priority":"Medium","satisfaction":"Average"},"numberOfRecsCombined":1,"itemNumber":0,"itemID":"","artifactName":"simpleTrkr1","title":"","relevance":"MyOrg\\Divisions\\Finance","contentType":"SimpleTracker","author":"kvasavaiah","status":""},{"deckingCompletedAt":"Nov 17, 2019 11:27:09 PM","addlFieldValues":{"attachment":"","priority":"Medium","satisfaction":"Average"},"numberOfRecsCombined":1,"itemNumber":1,"itemID":"","artifactName":"simpleTrkr2","title":"","relevance":"MyOrg\\Divisions\\HR","contentType":"SimpleTracker","author":"kvasavaiah","status":""}],"noCombining":false,"considerOnlyFromAuthor":true,"keyBasedCombining":true,"deckerEdited":false,"maxItemNumber":1}