{"combinedFileName":"deckerLite1_allCombined.xlsx","screenAddlFieldPattern":{"attachment":{"screenFieldName":"Attachment","interactionType":"filelinkbutton"},"priority":{"screenFieldName":"Priority","interactionType":"dropdown","validValues":["High","Medium","Low"]},"satisfaction":{"screenFieldName":"Satisfaction","interactionType":"dropdown","validValues":["Good","Average","Bad"]}},"screenFieldDefaults":{"attachment":"","priority":"Medium","satisfaction":"Average"},"authorColHdrName":"OwnerID","keyColHdrName":"TaskID","deckerLiteItemPojoList":[{"deckingCompletedAt":"Jan 4, 2020 12:21:21 PM","addlFieldValues":{"attachment":"","priority":"Medium","satisfaction":"Average"},"numberOfRecsCombined":1,"itemNumber":0,"itemID":"","artifactName":"trkrB1","title":"","relevance":"MyOrg\\Divisions\\Sales","contentType":"SimpleTracker","author":"DEMOUSER","status":""}],"noCombining":false,"considerOnlyFromAuthor":true,"keyBasedCombining":true,"deckerEdited":false,"maxItemNumber":0}