{"combinedFileName":"dkrLite2_allCombined.xlsx","screenAddlFieldPattern":{"attachment":{"screenFieldName":"Attachment","interactionType":"filelinkbutton"},"priority":{"screenFieldName":"Priority","interactionType":"dropdown","validValues":["High","Medium","Low"]},"satisfaction":{"screenFieldName":"Satisfaction","interactionType":"dropdown","validValues":["Good","Average","Bad"]}},"screenFieldDefaults":{"attachment":"","priority":"Medium","satisfaction":"Average"},"authorColHdrName":"OwnerName","keyColHdrName":"TaskID","deckerLiteItemPojoList":[{"deckingCompletedAt":"Nov 4, 2019 1:11:21 PM","addlFieldValues":{"attachment":"","priority":"Medium","satisfaction":"Average"},"numberOfRecsCombined":3,"itemNumber":0,"itemID":"","artifactName":"smplTrkr1","title":"","relevance":"MyOrg\\Divisions\\Manufacturing","contentType":"SimpleTracker","author":"kvasavaiah","status":""},{"deckingCompletedAt":"Nov 4, 2019 1:11:22 PM","addlFieldValues":{"attachment":"","priority":"Medium","satisfaction":"Average"},"numberOfRecsCombined":4,"itemNumber":1,"itemID":"","artifactName":"smpltrkr2","title":"","relevance":"MyOrg\\Divisions\\Sales","contentType":"SimpleTracker","author":"kvasavaiah","status":""}],"noCombining":false,"considerOnlyFromAuthor":true,"keyBasedCombining":true,"deckerEdited":true,"maxItemNumber":1}