{	"summaryFilePage":"ProjSummary",
	"detailFilePage":"ProjPlan",
	"screenAddlFieldPattern":
	{
		"attachment": {
			"screenFieldName": "Attachment",
			"interactionType": "protected"
		},
		"priority": {
			"screenFieldName": "Priority",
			"interactionType": "dropdown",
			"validValues": [
				"High",
				"Medium",
				"Low"
				]
		},
		"satisfaction": {
			"screenFieldName": "Satisfaction",
			"interactionType": "dropdown",
			"validValues": [
				"Good",
				"Average",
				"Bad"
			]
		}
	},
	"screenFieldDefaults": {
		"attachment": "",
		"priority": "Medium",
		"satisfaction": "Average"
	}
}
