{"combinedFileName":"","screenAddlFieldPattern":{"attachment":{"screenFieldName":"Attachment","interactionType":"filelinkbutton"},"priority":{"screenFieldName":"Priority","interactionType":"dropdown","validValues":["High","Medium","Low"]},"satisfaction":{"screenFieldName":"Satisfaction","interactionType":"dropdown","validValues":["Good","Average","Bad"]}},"screenFieldDefaults":{"attachment":"","priority":"Medium","satisfaction":"Average"},"authorColHdrName":"OwnerID","keyColHdrName":"TaskID","deckerLiteItemPojoList":[{"addlFieldValues":{"attachment":"","priority":"Medium","satisfaction":"Average"},"numberOfRecsCombined":0,"itemNumber":0,"itemID":"","artifactName":"trk2","title":"","relevance":"MyOrg\\Divisions\\Sales","contentType":"SimpleTracker","author":"DEMOUSER","status":""},{"addlFieldValues":{"attachment":"","priority":"Medium","satisfaction":"Average"},"numberOfRecsCombined":0,"itemNumber":1,"itemID":"","artifactName":"trkr1","title":"","relevance":"MyOrg\\Divisions\\Sales","contentType":"SimpleTracker","author":"DEMOUSER","status":""}],"noCombining":false,"considerOnlyFromAuthor":true,"keyBasedCombining":true,"deckerEdited":true,"maxItemNumber":1}