{"combinedFileName":"","screenAddlFieldPattern":{"attachment":{"screenFieldName":"Attachment","interactionType":"filelinkbutton"},"priority":{"screenFieldName":"Priority","interactionType":"dropdown","validValues":["High","Medium","Low"]},"satisfaction":{"screenFieldName":"Satisfaction","interactionType":"dropdown","validValues":["Good","Average","Bad"]}},"screenFieldDefaults":{"attachment":"","priority":"Medium","satisfaction":"Average"},"authorColHdrName":"OwnerID","keyColHdrName":"Key","deckerLiteItemPojoList":[{"addlFieldValues":{"attachment":"","priority":"Medium","satisfaction":"Average"},"numberOfRecsCombined":0,"itemNumber":0,"itemID":"","artifactName":"Tracker1","title":"","relevance":"MyOrg\\Divisions\\Manufacturing","contentType":"SimpleTracker","author":"GUEST","status":""},{"addlFieldValues":{"attachment":"","priority":"Medium","satisfaction":"Average"},"numberOfRecsCombined":0,"itemNumber":1,"itemID":"","artifactName":"Tracker2","title":"","relevance":"MyOrg\\Divisions\\Sales","contentType":"SimpleTracker","author":"GUEST","status":""}],"noCombining":false,"considerOnlyFromAuthor":true,"keyBasedCombining":false,"deckerEdited":true,"maxItemNumber":1}